id,first_name,last_name,email,gender,ip_address
1,Lanie,Samudio,lsamudio0@cocolog-nifty.com,Male,96.30.193.251
2,Korney,Llorente,kllorente1@ucsd.edu,Female,243.92.242.181
3,Kynthia,Greig,kgreig2@ameblo.jp,Female,165.4.25.61
4,Sasha,Cheeke,scheeke3@sciencedirect.com,Male,66.11.196.96
5,Madlin,Fiddy,mfiddy4sun.comcomcomcomcom,Female,131.15.189.169
6,Samuel,Manclark,smanclark5@nih.gov,Male,134.153.124.36
7,Joline,Alden,jalden6@bandcamp.com,Female,172.140.190.52
8,Pooh,Ismirnioglou,pismirnioglou7@phpbb.com,Female,211.194.78.203
9,Glennis,Connors,gconnors8@hubpages.com,Female,84.95.73.83
10,Willow,Tordoff,wtordoff9@businesswire.com,Female,18.203.100.122
11,Goober,Malmar,gmalmara@miitbeian.gov.cn,Male,75.242.239.65
12,Aprilette,Biskupek,abiskupekb@forbes.com,Female,94.68.23.0
13,Elfrieda,MacCafferky,emaccafferkyc@domainmarket.com,Female,158.42.43.35
14,Dame,Callow,dcallowd@scientificamerican.com,Male,232.128.250.61
15,Latashia,Whiskin,lwhiskine@examiner.com,Female,91.193.254.230
16,Kellia,Shilvock,kshilvockf@shop-pro.jp,Female,97.111.47.169
17,Gottfried,McDirmid,gmcdirmidg@github.io,Male,13.252.198.42
18,Sigfried,Shelford,sshelfordh@jiathis.com,Male,230.212.151.239
19,Conant,Emson,cemsoni@blogs.com,Male,55.127.110.26
20,Riane,Grancher,@qq.com,Female,29.15.225.112
21,Whitby,Gregoletti,wgregolettik@squidoo.com,Male,58.22.81.70
22,Sabine,Beadel,sbeadell@webeden.co.uk,Female,66.4.156.54
23,Sybila,Spratt,ssprattm@mapy.cz,Female,74.118.62.120
24,Genovera,Burkman,gburkmann@1688.com,Female,244.149.219.157
25,Talyah,Pateman,tpatemano@google.co.jp,Female,207.190.48.26
26,Skye,Todeo,stodeop@blog.com,Male,57.244.132.25
27,Etta,Adamthwaite,eadamthwaiteq@friendfeed.com,Female,195.128.70.174
28,Farrah,Blench,fblenchr@wix.com,Female,250.91.13.10
29,Nate,Hugenin,nhugenins@a8.net,Male,37.201.115.113
30,Zitella,Jacquemy,zjacquemyt@seattletimes.com,Female,111.35.176.13
31,Margalit,Hayford,mhayfordu@newsvine.com,Female,71.176.174.85
32,Janeczka,Seawright,jseawrightv@acquirethisname.com,Female,160.220.132.131
33,Worth,Simonin,wsimoninw@4shared.com,Male,248.24.23.4
34,Leela,Plumtree,lplumtreex@rakuten.co.jp,Female,158.178.18.83
35,Ana,Sweetland,asweetlandy@sohu.com,Female,75.118.90.39
36,Dermot,Phillpot,dphillpotz@eventbrite.com,Male,159.46.77.167
37,Constancy,Scrivner,cscrivner10@spotify.com,Female,225.206.142.100
38,Roberta,Leggatt,rleggatt11@fastcompany.com,Female,84.64.39.69
39,Arvy,Philip,aphilip12@telegraph.co.uk,Male,28.65.16.6
40,Hillary,Finn,hfinn13@reddit.com,Female,197.204.35.250
41,Hinda,Stoate,hstoate14@newsvine.com,Female,217.232.78.2
42,Boniface,Carrabott,bcarrabott15@google.de,Male,229.56.219.95
43,Larissa,Pavlishchev,lpavlishchev16@guardian.co.uk,Female,204.113.77.95
44,Jedd,Shelford,jshelford17@bluehost.com,Male,208.38.73.117
45,Emery,Melsome,emelsome18@epa.gov,Male,117.46.188.169
46,Wes,Ethington,@google.de,Male,30.129.139.17
47,Talbot,Benning,tbenning1a@foxnews.com,Male,224.104.66.123
48,Clemmie,Guyonnet,cguyonnet1b@yale.edu,Male,34.235.136.180
49,Borg,Worswick,bworswick1c@wunderground.com,Male,150.106.74.37
50,Brandy,Antognoni,bantognoni1d@paypal.com,Male,126.39.226.202
51,Keenan,Crevy,kcrevy1e@admin.ch,Male,109.36.199.218
52,Delano,Adam,dadam1f@npr.org,Male,164.184.247.162
53,Angelico,Flaune,aflaune1g@hp.com,Male,212.22.188.181
54,Neysa,Torbard,ntorbard1h@techcrunch.com,Female,138.204.127.8
55,Robbie,Stiegers,rstiegers1i@zdnet.com,Male,182.173.102.244
56,Suzie,Embra,sembra1j@icio.us,Female,215.84.41.136
57,Lucille,Brunnen,lbrunnen1k@de.vu,Female,65.164.112.232
58,Erwin,Filmer,efilmer1l@privacy.gov.au,Male,124.141.195.57
59,Heath,Anniwell,hanniwell1m@wp.com,Male,1.41.63.31
60,Oliy,Battram,obattram1n@arizona.edu,Female,102.109.247.232
61,Nora,Bucknell,nbucknell1o@booking.com,Female,16.120.123.178
62,Yuma,Eveque,yeveque1p@microsoft.com,Male,21.162.135.144
63,Viole,Houten,vhouten1q@cisco.com,Female,54.30.137.132
64,Tab,Hanton,thanton1r@senate.gov,Male,217.252.244.200
65,Tally,Velti,tvelti1s@com,Female,146.219.249.8
66,Ricoriki,Sproul,rsproul1t@howstuffworks.com,Male,110.66.50.95
67,Shena,Brigge,sbrigge1u@mysql.com,Female,44.21.73.228
68,Klarrisa,Baruch,kbaruch1v@washington.edu,Female,83.246.143.4
69,Dory,Gally,dgally1w@unicef.org,Female,202.83.192.48
70,Frasquito,Uc,fuc1x@dmoz.org,Male,86.144.114.51
71,Kettie,Fetterplace,kfetterplace1y@narod.ru,Female,92.163.99.86
72,Christabel,Farrah,cfarrah1z@trellian.com,Female,36.14.47.64
73,Leanora,Hyam,lhyam20@cdbaby.com,Female,123.81.213.157
74,Neely,Elcoate,nelcoate21@squidoo.com,Female,82.59.142.218
75,Claudio,Searby,csearby22@github.com,Male,180.84.84.218
76,Ruttger,Balcon,rbalcon23@forbes.com,Male,191.212.218.151
77,Antone,Rickaert,arickaert24@imgur.com,Male,83.88.248.173
78,Barnabas,Haggata,bhaggata25@sphinn.com,Male,5.127.91.118
79,Eugene,Enders,eenders26@vkontakte.ru,Male,185.5.185.100
80,Jared,Gilleson,jgilleson27@house.gov,Male,238.161.186.248
81,Candice,Belamy,cbelamy28@over-blog.com,Female,6.249.24.23
82,Hope,Griffey,hgriffey29@ihg.com,Female,197.193.201.90
83,Prinz,Feveryear,pfeveryear2a@amazonaws.com,Male,13.23.232.39
84,Tara,Birt,tbirt2b@indiatimes.com,Female,11.230.4.79
85,Shell,Leneve,sleneve2c@instagram.com,Male,249.210.255.167
86,Remy,Succamore,rsuccamore2d@github.io,Female,163.173.161.38
87,Dorian,Fri,dfri2e@yale.edu,Female,74.51.58.104
88,Morry,Larmet,mlarmet2f@wordpress.com,Male,12.107.10.219
89,Forrester,Manthorpe,fmanthorpe2g@ucla,Male,251.230.102.177
90,Ennis,Kield,ekield2h@unicef.org,Male,96.56.191.74
91,Moria,Roizn,mroizn2i@wp.com,Female,190.176.241.193
92,Kellby,Buckell,kbuckell2j@walmart.com,Male,84.179.5.193
93,Tate,Youtead,tyoutead2k@blogspot.com,Male,170.155.70.36
94,Ellene,Tethacot,etethacot2l@businessinsider.com,Female,242.84.79.252
95,Kimmie,Charpling,kcharpling2m@gravatar.com,Female,199.158.108.79
96,Darius,Climar,dclimar2n@paginegialle.it,Male,82.78.198.245
97,Lutero,Gadesby,lgadesby2o@latimes.com,Male,251.75.137.201
98,Leontyne,Dymock,ldymock2p@yelp.com,Female,161.126.213.94
99,Tod,MacGee,tmacgee2q@tripod.com,Male,8.74.37.217
100,Danice,Rackham,drackham2r@cbslocal.com,Female,148.161.41.96
101,Oran,Knapman,oknapman2s@uiuc.edu,Male,106.53.216.22
102,Tallie,Smithin,tsmithin2t@twitter.com,Male,177.132.230.187
103,Mart,McArt,mmcart2u@google.ca,Male,95.215.152.95
104,Odie,Odeson,oodeson2v@biglobe.ne.jp,Male,116.174.87.126
105,Lorelei,Bridge,lbridge2w@tripadvisor.com,Female,61.148.125.145
106,Nikolos,Van der Merwe,nvandermerwe2x@microsoft.com,Male,20.178.227.209
107,Dore,Papen,dpapen2y@va.gov,Female,176.16.127.33
108,Dyanna,Zammett,dzammett2z@google.ru,Female,149.182.94.81
109,Gerri,Cotterill,gcotterill30@alexa.com,Male,6.157.114.77
110,Connie,Leah,cleah31@tripadvisor.com,Male,249.241.207.101
111,Edgar,Baldry,ebaldry32@nasa.gov,Male,224.191.155.116
112,Johann,Bailes,jbailes33@people.com.cn,Male,172.111.222.147
113,Rubetta,Teasdale,rteasdale34@php.net,Female,178.167.187.19
114,Gertrud,Hutchins,ghutchins35@jugem.jp,Female,182.27.117.116
115,Aaron,Errey,aerrey36@telegraph.co.uk,Male,53.117.22.53
116,Isadore,Simao,isimao37@smugmug.com,Male,101.171.210.139
117,Guglielmo,Vettore,gvettore38@unesco.org,Male,209.163.21.3
118,Mahmoud,Gerrietz,mgerrietz39@upenn.edu,Male,219.113.138.139
119,Eloisa,Nickolls,enickolls3a@youku.com,Female,86.255.73.229
120,Vincenz,Goady,vgoady3b@xinhuanet.com,Male,213.234.32.150
121,Danyette,Greed,dgreed3c@foxnews.com,Female,37.129.24.235
122,Roberta,Godsell,rgodsell3d@amazon.de,Female,37.99.205.164
123,Yorgo,Sambath,ysambath3e@ucoz.com,Male,51.77.48.116
124,Rozalie,McAvinchey,rmcavinchey3f@sciencedirect.com,Female,254.244.148.157
125,Brooks,Stickney,bstickney3g@unblog.fr,Female,19.189.180.133
126,Abbie,MacDavitt,amacdavitt3h@tmall.com,Male,179.25.60.6
127,Danya,Hambelton,dhambelton3i@people.com.cn,Male,247.209.75.87
128,Noah,Warbrick,nwarbrick3j@merriam-webster.com,Male,186.152.168.170
129,Obediah,Hembrow,ohembrow3k@washington.edu,Male,72.77.116.192
130,Bidget,Carberry,bcarberry3l@globo.com,Female,9.55.66.144
131,Alyosha,Axelbey,aaxelbey3m@ustream.tv,Male,9.181.218.224
132,Andree,Girod,agirod3n@amazon.co.jp,Female,88.123.93.227
133,Hale,Lamperd,hlamperd3o@exblog.jp,Male,251.79.36.174
134,Eadie,McCarney,emccarney3p@omniture.com,Female,85.103.57.70
135,Lenna,Cracie,lcracie3q@indiegogo.com,Female,214.119.242.78
136,Dianna,Hazael,dhazael3r@edublogs.org,Female,65.189.29.155
137,Shell,Hayhurst,shayhurst3s@state.gov,Female,200.222.158.180
138,Haskel,O'Nolan,honolan3t@noaa.gov,Male,61.205.190.119
139,Bink,Seatter,bseatter3u@washingtonpost.com,Male,86.221.86.27
140,Lorelei,Frankham,lfrankham3v@berkeley.edu,Female,47.32.116.47
141,Lewiss,Marfield,lmarfield3w@paginegialle.it,Male,204.57.122.131
142,Olympie,Howels,ohowels3x@tripadvisor.com,Female,88.122.142.184
143,Irita,Harbottle,iharbottle3y@psu.edu,Female,136.133.86.36
144,Daryn,Yo,dyo3z@ning.com,Female,67.101.242.25
145,Flori,Ansteys,fansteys40@lulu.com,Female,206.91.202.12
146,Pavlov,Winfield,pwinfield41@nature.com,Male,166.92.119.139
147,Justina,Eckh,jeckh42@usnews.com,Female,214.255.210.60
148,Thorndike,Goom,tgoom43@zimbio.com,Male,179.198.68.186
149,Gerry,Baudy,gbaudy44@va.gov,Female,35.173.156.120
150,Lucie,Ferber,lferber45@themeforest.net,Female,55.160.226.255
151,Kevyn,Breadon,kbreadon46@vimeo.com,Female,64.104.175.83
152,Kerianne,Giffon,kgiffon47@bbc.co.uk,Female,35.153.73.112
153,Raddy,Gosden,rgosden48@xrea.com,Male,120.155.1.93
154,Neely,Jeanel,njeanel49@gmpg.org,Female,187.189.193.68
155,Mechelle,Michael,mmichael4a@nba.com,Female,132.214.126.182
156,Cordie,Bosdet,cbosdet4b@artisteer.com,Male,255.254.123.118
157,Amelita,Fenkel,afenkel4c@yellowbook.com,Female,209.238.7.130
158,Arabella,Mitro,amitro4d@businessinsider.com,Female,110.157.85.35
159,Dirk,Gosenell,dgosenell4e@cp,Male,12.164.174.157
160,Juana,Smorthit,jsmorthit4f@go.com,Female,5.51.67.143
161,Chadwick,Deavall,cdeavall4ggoogle.it,Male,168.229.17.49
162,Olav,Regorz,oregorz4h@google.fr,Male,75.116.114.75
163,Marice,Wehner,mwehner4i@home.pl,Female,29.210.166.207
164,Rinaldo,Hallard,rhallard4j[At]vinaora.com,Male,45.225.224.210
165,Reba,Emes,remes4k@alibaba.com,Female,230.144.94.130
166,Bartholomeo,Arkil,barkil4l@example.com,Male,37.212.201.146
167,Bryn,Bigham,bbigham4m@sbwire.com,Male,222.62.235.169
168,Shamus,Withams,swithams4n@addthis.com,Male,88.84.248.44
169,Rafaelia,Caroli,rcaroli4o@guardian.co.uk,Female,65.248.80.150
170,Garwood,Hawthorn,ghawthorn4p@umich.edu,Male,117.125.120.43
171,Ross,Batistelli,rbatistelli4q@phoca.cz,Male,133.93.161.34
172,Johnathan,Asman,jasman4r@hostgator.com,Male,26.199.202.183
173,Chastity,Ewer,cewer4s@instagram.com,Female,200.4.162.244
174,Dino,Brewer,dbrewer4t@scientificamerican.com,Male,134.236.215.255
175,Cullen,Kalisch,ckalisch4u@mapquest.com,Male,241.180.118.141
176,Nadia,Basnall,nbasnall4v@bravesites.com,Female,206.14.157.154
177,Thurstan,Alexandrescu,talexandrescu4w@aboutads.info,Male,171.242.45.108
178,Saxe,Oiseau,soiseau4x@yahoo.com,Male,22.15.215.109
179,Celisse,Trodler,ctrodler4y@vimeo.com,Female,4.189.151.228
180,Desmond,Yuryichev,dyuryichev4z@alexa.com,Male,48.142.111.74
181,Turner,Fortoun,tfortoun50@walmart.com,Male,94.141.90.129
182,Jeffrey,Maciaszczyk,jmaciaszczyk51@google.it,Male,81.66.84.61
183,Dietrich,Amys,damys52@samsung.com,Male,135.188.205.40
184,Elwood,Acres,eacres53@unc.edu,Male,204.104.200.29
185,Budd,Pylkynyton,bpylkynyton54@utexas.edu,Male,253.184.162.141
186,Fidelia,McPaik,fmcpaik55@state.tx.us,Female,51.229.128.48
187,Gabriell,Darbey,gdarbey56@intel.com,Female,98.161.115.221
188,Daniella,Londer,dlonder57@phpbb.com,Female,34.147.255.91
189,Marcile,Chessman,mchessman58@amazon.co.uk,Female,135.86.169.130
190,Kelcie,Kinsella,kkinsella59@delicious.com,Female,149.14.131.135
191,Gavra,Hadgraft,ghadgraft5a@wufoo.com,Female,189.208.211.63
192,Devora,Issacov,dissacov5b@guardian.co.uk,Female,226.209.227.9
193,Gaultiero,Ricioppo,gricioppo5c@imdb.com,Male,146.241.154.224
194,Artus,Geldart,ageldart5d@tripod.com,Male,86.113.140.222
195,Meagan,Tallman,mtallman5e@edublogs.org,Female,61.82.80.72
196,Bernie,Jandak,bjandak5f@naver.com,Female,151.106.224.107
197,Alfi,Stanway,astanway5g@blogger.com,Female,161.210.124.67
198,Rollin,MacConnulty,rmacconnulty5h@domainmarket.com,Male,242.189.33.119
199,Rivi,Hubbard,rhubbard5i@intel.com,Female,202.183.138.228
200,Lou,Pereira,lpereira5j@uol.com.br,Male,155.161.73.79
201,Sloane,Hungerford,shungerford5k@mapquest.com,Male,22.113.227.217
202,Rodina,Bernardelli,rbernardelli5l@addtoany.com,Female,19.40.28.30
203,Pavlov,Rapi,prapi5m@nih.gov,Male,31.194.92.60
204,Alfie,Ffrench,affrench5n@meetup.com,Female,118.131.196.134
205,Stephanie,Reely,sreely5o@naver.com,Female,14.67.100.27
206,Mendie,Donovin,mdonovin5p@sourceforge.net,Male,91.240.22.3
207,Broderic,Davenhall,bdavenhall5q@issuu.com,Male,224.180.224.221
208,Galven,Hackwell,ghackwell5r@last.fm,Male,114.240.132.136
209,Dilly,Axel,daxel5s@reuters.com,Male,186.191.51.180
210,Margarete,Karlolczak,mkarlolczak5t@google.es,Female,144.241.207.178
211,Filmore,Rochewell,frochewell5u@pbs.org,Male,211.109.205.222
212,Stephanie,Myford,smyford5v@weebly.com,Female,186.162.196.65
213,Laurette,Sidnell,lsidnell5w@issuu.com,Female,255.232.55.54
214,Alvin,Blaker,ablaker5x@1688.com,Male,222.223.159.11
215,Betteanne,McKeeman,bmckeeman5y@eepurl.com,Female,239.127.144.135
216,Aileen,McQuie,amcquie5z@usnews.com,Female,145.4.61.243
217,Aeriela,MacNamee,amacnamee60@1688.com,Female,44.84.177.93
218,Maurie,Goodinge,mgoodinge61@sohu.com,Male,110.47.92.4
219,Vanessa,Hanby,vhanby62@posterous.com,Female,213.122.97.141
220,Alayne,Tire,atire63@oaic.gov.au,Female,199.111.158.21
221,Lavinia,Palke,lpalke64@noaa.gov,Female,159.165.102.154
222,Dedie,Audas,daudas65@creativecommons.org,Female,97.153.115.96
223,Ennis,Roomes,eroomes66@soundcloud.com,Male,232.75.137.143
224,Coreen,Starsmore,cstarsmore67@cdc.gov,Female,78.101.26.5
225,Hamel,Mehmet,hmehmet68@blogs.com,Male,160.221.25.201
226,Fancie,Houldey,fhouldey69@unc.edu,Female,48.156.55.223
227,Bartolemo,Fairpool,bfairpool6a@dell.com,Male,202.1.113.78
228,Car,Crumpe,ccrumpe6b@over-blog.com,Male,182.221.203.93
229,Sheffield,Hugill,shugill6c@amazon.com,Male,248.174.64.8
230,Virgie,Scown,vscown6d@economist.com,Female,54.159.74.120
231,Tully,Terren,tterren6e@google.ru,Male,22.17.22.25
232,Nanny,Burk,nburk6f@ted.com,Female,127.120.1.57
233,Sharyl,Olpin,solpin6g@upenn.edu,Female,86.195.14.21
234,Ernaline,Alden,ealden6h@cpanel.net,Female,108.213.239.228
235,Dee dee,Tee,dtee6i@barnesandnoble.com,Female,6.102.237.110
236,Molly,Brenard,mbrenard6j@fc2.com,Female,229.143.207.211
237,Aldous,Baunton,abaunton6k@360.cn,Male,168.246.11.50
238,Sol,Bargery,sbargery6l@geocities.com,Male,85.126.210.215
239,Emelyne,Atherley,eatherley6m@cnn.com,Female,134.1.191.26
240,Chico,McLagan,cmclagan6n@hubpages.com,Male,8.26.101.83
241,Sherry,Stut,sstut6o@ted.com,Female,241.146.63.173
242,Celestyn,Diviny,cdiviny6p@elegantthemes.com,Female,195.192.16.103
243,Jude,Readie,jreadie6q@businessinsider.com,Male,177.242.30.23
244,Randolph,Bickmore,rbickmore6r@ocn.ne.jp,Male,206.5.67.28
245,Romola,Jacquest,rjacquest6s@chronoengine.com,Female,98.5.65.243
246,Bonny,Favela,bfavela6t@twitpic.com,Female,12.160.181.161
247,Yehudit,Cheesley,ycheesley6u@kickstarter.com,Male,72.209.10.83
248,Ulric,Bredes,ubredes6v@mashable.com,Male,197.105.97.69
249,Obadiah,Ludgate,oludgate6w@wired.com,Male,172.32.20.211
250,Sabine,Abbes,sabbes6x@discuz.net,Female,206.25.212.136
251,Jeffrey,Dowell,jdowell6y@stumbleupon.com,Male,201.133.34.156
252,Aloysius,Fackney,afackney6z@bing.com,Male,43.226.152.16
253,Marcelo,Pickance,mpickance70@epa.gov,Male,11.172.250.152
254,Leda,Arnholz,larnholz71@army.mil,Female,97.140.176.216
255,Son,Scoggans,sscoggans72@nationalgeographic.com,Male,42.220.52.202
256,Willy,Dobble,wdobble73@goo.ne.jp,Female,206.32.50.21
257,Jocko,Thick,jthick74@acquirethisname.com,Male,82.167.27.30
258,Nicky,Edbrooke,nedbrooke75@ocn.ne.jp,Female,59.191.232.68
259,Amitie,Treffry,atreffry76@dedecms.com,Female,236.214.65.132
260,Evaleen,Crummay,ecrummay77@nature.com,Female,37.61.22.31
261,Nevins,Helin,nhelin78@washingtonpost.com,Male,180.225.16.170
262,Kiersten,Lantaff,klantaff79@goodreads.com,Female,17.92.98.122
263,Waldemar,Maceur,wmaceur7a@wikia.com,Male,234.175.65.175
264,Trudy,Emmison,temmison7b@fastcompany.com,Female,139.153.92.152
265,Linell,Cawcutt,lcawcutt7c@xrea.com,Female,53.182.144.192
266,Woodie,Martinello,wmartinello7d@webmd.com,Male,242.22.205.204
267,Susannah,Readwing,sreadwing7e@bluehost.com,Female,85.230.104.181
268,Celeste,Spofford,cspofford7f@blogger.com,Female,7.5.186.205
269,Cinnamon,Shane,cshane7g@imgur.com,Female,237.35.70.18
270,Albertine,Strooband,astrooband7h@patch.com,Female,39.210.98.0
271,Ortensia,Mason,omason7i@opensource.org,Female,4.197.38.20
272,Alexi,Jagg,ajagg7j@senate.gov,Female,118.8.30.75
273,Thomasine,Brear,tbrear7k@engadget.com,Female,78.112.209.124
274,Marlane,O'Kinneally,mokinneally7l@de.vu,Female,244.56.206.101
275,Huberto,Verdy,hverdy7m@cyberchimps.com,Male,149.80.152.94
276,West,Jacquemy,wjacquemy7n@marriott.com,Male,70.101.225.4
277,Kenny,Fonzone,kfonzone7o@chronoengine.com,Male,12.173.181.15
278,Tatiania,Skellern,tskellern7p@usatoday.com,Female,179.209.148.54
279,Oriana,Aggio,oaggio7q@cornell.edu,Female,197.193.105.143
280,Happy,Elflain,helflain7r@theguardian.com,Female,105.215.229.58
281,Carolus,Erasmus,cerasmus7s@washington.edu,Male,170.96.145.72
282,Dode,Adamsen,dadamsen7t@wired.com,Female,19.50.152.108
283,Marlane,Antonomoli,mantonomoli7u@mtv.com,Female,172.2.74.222
284,Kiah,Willard,kwillard7v@nasa.gov,Female,233.4.220.157
285,Bartie,Bullen,bbullen7w@cisco.com,Male,144.144.146.143
286,Vince,Fri,vfri7x@un.org,Male,92.218.104.150
287,Harmonia,Clewes,hclewes7y@webnode.com,Female,36.107.158.79
288,Catlin,Denge,cdenge7z@mysql.com,Female,224.215.27.131
289,Ericha,Chander,echander80@deviantart.com,Female,225.224.240.151
290,Maxim,Badini,mbadini81@sogou.com,Male,146.191.114.66
291,Galven,Fosbraey,gfosbraey82@twitpic.com,Male,26.123.202.21
292,Glen,Dallaghan,gdallaghan83@cisco.com,Male,187.40.212.77
293,Genvieve,Theriot,gtheriot84@bigcartel.com,Female,191.109.33.164
294,Rosemonde,Saurat,rsaurat85@360.cn,Female,185.83.184.95
295,Corabelle,Delleschi,cdelleschi86@hc360.com,Female,235.163.57.182
296,Uta,De Lacey,udelacey87@moonfruit.com,Female,3.156.44.207
297,Dorice,Brimilcome,dbrimilcome88@bing.com,Female,169.85.121.176
298,Shandee,Baudts,sbaudts89@wufoo.com,Female,164.139.215.115
299,Marci,Peyntue,mpeyntue8a@wordpress.org,Female,126.9.20.246
300,Vladamir,Decort,vdecort8b@accuweather.com,Male,161.233.40.159
301,Dania,Akers,dakers8c@msu.edu,Female,166.168.191.53
302,Chadwick,Mc Gorley,cmcgorley8d@google.com,Male,136.186.194.134
303,Gerrard,Mort,gmort8e@51.la,Male,191.175.207.149
304,Edmon,Bubear,ebubear8f@nps.gov,Male,82.186.18.213
305,Selena,La Vigne,slavigne8g@geocities.com,Female,120.185.86.79
306,Miles,Tatterton,mtatterton8h@cargocollective.com,Male,223.211.224.242
307,Lyda,Eric,leric8i@de.vu,Female,131.9.76.52
308,Werner,Gumn,wgumn8j@dmoz.org,Male,222.19.161.166
309,Zebulen,Downham,zdownham8k@tripod.com,Male,57.160.153.151
310,Cleo,Hattiff,chattiff8l@npr.org,Female,64.203.26.236
311,Cortney,Brett,cbrett8m@ftc.gov,Female,62.61.74.135
312,Vivian,Freyn,vfreyn8n@slashdot.org,Female,142.182.234.227
313,Edee,Reidshaw,ereidshaw8o@eventbrite.com,Female,92.211.236.190
314,Aloysius,Fernyhough,afernyhough8p@nature.com,Male,198.63.248.230
315,Broderic,Smyth,bsmyth8q@answers.com,Male,226.42.199.199
316,Tadeas,Dugood,tdugood8r@jiathis.com,Male,173.107.98.103
317,Ara,Summerly,asummerly8s@live.com,Male,153.236.209.122
318,Bartholomeo,Heggie,bheggie8t@plala.or.jp,Male,119.13.251.183
319,Natasha,Drewson,ndrewson8u@facebook.com,Female,80.63.135.121
320,Marsh,Carpenter,mcarpenter8v@goo.ne.jp,Male,136.208.208.61
321,Polly,Levington,plevington8w@goo.ne.jp,Female,70.229.80.215
322,Cortie,Willgoss,cwillgoss8x@51.la,Male,99.193.216.114
323,Lannie,Escoffrey,lescoffrey8y@telegraph.co.uk,Male,19.196.82.174
324,Mal,Sturman,msturman8z@indiatimes.com,Male,188.122.22.103
325,Blaire,Critchlow,bcritchlow90@ifeng.com,Female,183.221.112.220
326,Ora,Snary,osnary91@nbcnews.com,Female,105.207.225.127
327,Cissiee,Pieterick,cpieterick92@unicef.org,Female,139.181.101.146
328,Meredithe,Parmeter,mparmeter93@blogs.com,Female,251.192.142.245
329,Aubrey,Giovannini,agiovannini94@istockphoto.com,Female,160.119.167.45
330,Sisile,Goricke,sgoricke95@drupal.org,Female,250.155.49.71
331,Teddie,Bogaert,tbogaert96@last.fm,Female,100.150.130.190
332,Roch,McKelvie,rmckelvie97@weebly.com,Female,72.206.158.242
333,Starlin,Tabourel,stabourel98@amazon.co.uk,Female,27.134.121.1
334,Lynsey,Olwen,lolwen99@chron.com,Female,138.200.251.195
335,Der,Noddles,dnoddles9a@yelp.com,Male,151.185.69.185
336,Leonie,Crumly,lcrumly9b@cnet.com,Female,194.172.51.215
337,Faith,Applegarth,fapplegarth9c@taobao.com,Female,182.53.210.156
338,Kaycee,Hanse,khanse9d@bloomberg.com,Female,74.183.252.72
339,Jemmy,Dyer,jdyer9e@blogtalkradio.com,Female,70.222.148.130
340,Maddalena,Crockett,mcrockett9f@domainmarket.com,Female,241.130.25.247
341,Cirillo,Karpov,ckarpov9g@utexas.edu,Male,86.20.87.19
342,Craggy,Fenny,cfenny9h@wiley.com,Male,242.142.141.167
343,Tandi,Marple,tmarple9i@google.com.hk,Female,162.170.152.200
344,Virgil,Snarie,vsnarie9j@lulu.com,Male,28.23.61.152
345,Lockwood,Gissing,lgissing9k@house.gov,Male,106.107.200.233
346,Etta,Cunnah,ecunnah9l@prweb.com,Female,29.230.254.156
347,Sheree,Galland,sgalland9m@livejournal.com,Female,200.159.58.245
348,Judy,Tolomelli,jtolomelli9n@yahoo.co.jp,Female,164.186.11.232
349,Penelopa,McGirl,pmcgirl9o@weebly.com,Female,67.109.116.28
350,Fey,Hinz,fhinz9p@cnbc.com,Female,110.125.30.59
351,Caryl,Benard,cbenard9q@sourceforge.net,Female,191.94.127.13
352,Krissie,Kupper,kkupper9r@home.pl,Female,248.23.213.60
353,Jerri,Shaudfurth,jshaudfurth9s@geocities.jp,Male,119.227.226.77
354,Devan,Dumingos,ddumingos9t@ucsd.edu,Female,216.48.157.9
355,Nikolaus,Tutton,ntutton9u@scribd.com,Male,135.162.88.211
356,Dorris,Sibbson,dsibbson9v@nature.com,Female,229.221.140.12
357,Miranda,Siemantel,msiemantel9w@liveinternet.ru,Female,203.150.157.111
358,Aeriell,Messer,amesser9x@google.cn,Female,101.11.151.37
359,Shea,Chismon,schismon9y@japanpost.jp,Male,236.54.103.80
360,Illa,Tildesley,itildesley9z@cdbaby.com,Female,136.31.35.145
361,Donaugh,Quiney,dquineya0@patch.com,Male,192.184.92.131
362,Dido,Stoven,dstovena1@auda.org.au,Female,179.116.247.90
363,Sonny,Costanza,scostanzaa2@prweb.com,Male,11.50.87.29
364,Rhona,Zavattieri,rzavattieria3@weebly.com,Female,102.55.244.5
365,Lorelle,Ismay,lismaya4@sun.com,Female,238.180.118.71
366,Patsy,Kliche,pklichea5@yale.edu,Female,133.86.170.154
367,Blithe,Heiss,bheissa6@google.es,Female,114.174.147.127
368,Janet,Strewthers,jstrewthersa7@hostgator.com,Female,48.214.70.119
369,Cheryl,Siely,csielya8@jigsy.com,Female,203.242.44.151
370,Shayla,Attew,sattewa9@newyorker.com,Female,147.67.73.124
371,Philbert,Wharby,pwharbyaa@theguardian.com,Male,176.61.98.199
372,Barron,Anstey,bansteyab@dailymail.co.uk,Male,29.36.205.20
373,Tadd,Ratter,tratterac@forbes.com,Male,2.106.218.199
374,Elbert,Greet,egreetad@posterous.com,Male,44.209.170.196
375,Rakel,Bearcock,rbearcockae@berkeley.edu,Female,58.119.116.235
376,Baryram,McAviy,bmcaviyaf@blogspot.com,Male,59.54.60.31
377,Gilly,Lifsey,glifseyag@so-net.ne.jp,Female,33.20.173.185
378,Syd,Youson,syousonah@microsoft.com,Male,110.53.200.233
379,Ashton,Petrolli,apetrolliai@thetimes.co.uk,Male,33.93.104.189
380,Gill,Saphin,gsaphinaj@google.ru,Female,37.157.227.155
381,Trent,Piner,tpinerak@list-manage.com,Male,137.33.39.189
382,Theresa,Bushen,tbushenal@toplist.cz,Female,17.58.112.234
383,Aimil,Biggadyke,abiggadykeam@joomla.org,Female,123.72.65.206
384,Andreas,Julien,ajulienan@tmall.com,Male,60.245.151.171
385,Sibella,Kropp,skroppao@dailymail.co.uk,Female,206.141.99.194
386,Far,Chrisp,fchrispap@wp.com,Male,232.187.194.172
387,Valida,Tomanek,vtomanekaq@vk.com,Female,164.83.87.224
388,Malcolm,Fumagallo,mfumagalloar@hao123.com,Male,153.232.198.179
389,Selma,Schurcke,sschurckeas@ibm.com,Female,99.250.37.63
390,Babs,Kehri,bkehriat@ibm.com,Female,6.113.81.116
391,Camille,Samudio,csamudioau@tamu.edu,Female,73.33.45.105
392,Parrnell,Dugan,pduganav@phpbb.com,Male,27.151.241.35
393,Olivero,Breddy,obreddyaw@newsvine.com,Male,181.132.223.7
394,Morey,Gawke,mgawkeax@hugedomains.com,Male,72.247.143.85
395,Scot,Pointin,spointinay@google.com.au,Male,9.45.188.68
396,Louie,Johantges,ljohantgesaz@dailymotion.com,Male,217.153.208.79
397,Lionello,Grayson,lgraysonb0@bizjournals.com,Male,73.224.130.250
398,Rosalie,Bahlmann,rbahlmannb1@marriott.com,Female,197.251.40.254
399,Sascha,Laird,slairdb2@shop-pro.jp,Male,98.42.163.53
400,Aaron,Bogaert,abogaertb3@de.vu,Male,237.162.1.119
401,Farleigh,Whiston,fwhistonb4@cdc.gov,Male,90.14.160.207
402,Durward,Lovemore,dlovemoreb5@wiley.com,Male,123.180.211.12
403,Sascha,Mapston,smapstonb6@ehow.com,Female,117.68.39.54
404,Arlene,Penny,apennyb7@dot.gov,Female,10.63.129.74
405,Ellette,Lisett,elisettb8@de.vu,Female,235.66.133.13
406,Horatio,Orrick,horrickb9@forbes.com,Male,248.71.141.155
407,Marie,Szwandt,mszwandtba@sourceforge.net,Female,204.199.121.250
408,Audie,Wittey,awitteybb@samsung.com,Female,115.188.121.113
409,Thorny,Barthropp,tbarthroppbc@nature.com,Male,95.36.50.62
410,Ivan,Richold,iricholdbd@umn.edu,Male,64.154.224.174
411,Helen,Skerm,hskermbe@statcounter.com,Female,77.33.241.109
412,Xena,Sagerson,xsagersonbf@hhs.gov,Female,46.195.11.255
413,Anallise,Pipping,apippingbg@nsw.gov.au,Female,172.69.251.229
414,Layney,Grouvel,lgrouvelbh@github.io,Female,231.183.5.212
415,Brenden,Walls,bwallsbi@oakley.com,Male,173.205.186.109
416,Isabella,Holtum,iholtumbj@multiply.com,Female,180.44.219.252
417,Wilma,Mattingley,wmattingleybk@nyu.edu,Female,91.209.0.251
418,Arlene,MacGinley,amacginleybl@github.com,Female,67.3.102.98
419,Jared,Chivers,jchiversbm@reuters.com,Male,204.94.101.13
420,Nina,Rishman,nrishmanbn@sun.com,Female,163.63.208.253
421,Rutherford,Fontaine,rfontainebo@reddit.com,Male,116.18.241.173
422,Klemens,Jacox,kjacoxbp@youku.com,Male,61.167.255.237
423,Maurene,Giacubo,mgiacubobq@flickr.com,Female,192.40.146.210
424,Vanda,Thompstone,vthompstonebr@wired.com,Female,181.227.49.124
425,Graig,Nower,gnowerbs@sphinn.com,Male,196.93.254.128
426,Jennine,Bewicke,jbewickebt@japanpost.jp,Female,228.59.197.227
427,Marla,Dancy,mdancybu@parallels.com,Female,203.15.158.7
428,Desdemona,Lindner,dlindnerbv@feedburner.com,Female,238.176.109.79
429,Pandora,Olekhov,polekhovbw@intel.com,Female,78.227.78.164
430,Jermayne,Burghall,jburghallbx@auda.org.au,Male,77.48.109.197
431,Jannelle,Slyne,jslyneby@dion.ne.jp,Female,93.34.166.190
432,Bobbee,Haldane,bhaldanebz@accuweather.com,Female,49.42.39.219
433,Gustavus,Boarder,gboarderc0@boston.com,Male,60.62.118.33
434,Dniren,Bernade,dbernadec1@ucsd.edu,Female,212.87.245.52
435,Nelson,Baal,nbaalc2@cornell.edu,Male,151.241.96.128
436,Tish,Lambis,tlambisc3@prnewswire.com,Female,13.227.237.119
437,Clarance,Ortsmann,cortsmannc4@icq.com,Male,212.53.201.99
438,Wenda,Eskrigg,weskriggc5@cornell.edu,Female,210.167.251.2
439,Brigg,Letchmore,bletchmorec6@de.vu,Male,149.226.30.0
440,Hale,Lannin,hlanninc7@creativecommons.org,Male,211.214.138.129
441,Ros,Bradley,rbradleyc8@acquirethisname.com,Female,212.162.210.151
442,Reece,Carder,rcarderc9@paginegialle.it,Male,205.136.249.236
443,Arlette,Houldey,ahouldeyca@wufoo.com,Female,81.89.143.151
444,Florrie,Hafner,fhafnercb@github.com,Female,85.250.4.240
445,Elwin,Leek,eleekcc@eventbrite.com,Male,210.193.103.86
446,Etty,Derks,ederkscd@goo.ne.jp,Female,188.50.170.135
447,Jsandye,Croome,jcroomece@sbwire.com,Female,227.65.238.32
448,Cosimo,Caudle,ccaudlecf@un.org,Male,158.120.75.237
449,Nigel,Meritt,nmerittcg@dell.com,Male,130.14.160.248
450,Agna,Sporton,asportonch@parallels.com,Female,236.65.92.80
451,Tades,Greenley,tgreenleyci@whitehouse.gov,Male,83.100.241.96
452,Wilton,Noseworthy,wnoseworthycj@stumbleupon.com,Male,103.230.51.234
453,Wilhelmina,Curme,wcurmeck@mapquest.com,Female,14.143.27.133
454,Addy,Plowman,aplowmancl@de.vu,Female,164.190.205.126
455,Aluino,Cantu,acantucm@printfriendly.com,Male,207.234.155.13
456,Walt,Pocklington,wpocklingtoncn@linkedin.com,Male,217.29.104.113
457,Astrid,Clemencet,aclemencetco@whitehouse.gov,Female,96.0.79.64
458,Finley,Freckingham,ffreckinghamcp@networkadvertising.org,Male,61.116.120.27
459,Holly,Gateshill,hgateshillcq@nifty.com,Female,166.117.37.203
460,Nikaniki,Writer,nwritercr@bloomberg.com,Female,12.179.203.142
461,Maxie,Vanstone,mvanstonecs@businessweek.com,Male,78.174.124.198
462,Deonne,Rhule,drhulect@timesonline.co.uk,Female,185.201.227.251
463,Rivy,Riggulsford,rriggulsfordcu@usnews.com,Female,115.254.78.47
464,Goldy,Ugolotti,gugolotticv@patch.com,Female,30.166.3.39
465,Carlin,Cornes,ccornescw@state.tx.us,Female,219.175.35.185
466,Delmore,Luthwood,dluthwoodcx@ovh.net,Male,206.15.176.228
467,Vikky,Braithwait,vbraithwaitcy@upenn.edu,Female,65.50.44.175
468,Blair,Baradel,bbaradelcz@tuttocitta.it,Male,24.210.177.101
469,Ludovico,Locke,llocked0@shinystat.com,Male,145.38.148.1
470,Dom,Bottle,dbottled1@jigsy.com,Male,149.186.38.69
471,Tobit,Laming,tlamingd2@google.ru,Male,240.118.75.174
472,Enrika,Tredger,etredgerd3@cocolog-nifty.com,Female,222.150.123.179
473,Lynn,Dedenham,ldedenhamd4@example.com,Female,144.215.186.25
474,Thain,Arlet,tarletd5@berkeley.edu,Male,92.102.158.245
475,Aluin,Pressey,apresseyd6@irs.gov,Male,9.165.34.73
476,Filbert,Stanley,fstanleyd7@state.gov,Male,71.162.160.198
477,Vanya,Hancill,vhancilld8@uiuc.edu,Male,85.219.165.12
478,Marty,Behn,mbehnd9@shinystat.com,Female,118.72.221.134
479,Aloin,Warlow,awarlowda@soup.io,Male,215.111.200.154
480,Jaynell,Tapner,jtapnerdb@msu.edu,Female,178.199.133.193
481,Harlen,Baty,hbatydc@google.fr,Male,189.164.126.116
482,Giffard,Brotherhood,gbrotherhooddd@ifeng.com,Male,83.172.239.152
483,Ximenes,Yellowlea,xyellowleade@ca.gov,Male,163.226.210.214
484,Gertrud,Helmke,ghelmkedf@geocities.com,Female,241.118.145.211
485,Barthel,Gulberg,bgulbergdg@imageshack.us,Male,182.228.37.231
486,Bonnie,Skinner,bskinnerdh@domainmarket.com,Female,179.135.103.44
487,Sigismundo,Shepherdson,sshepherdsondi@opensource.org,Male,138.102.186.145
488,Elsworth,Aylesbury,eaylesburydj@myspace.com,Male,46.138.234.163
489,Britney,Vettore,bvettoredk@cnet.com,Female,185.80.95.84
490,Randi,Ralston,rralstondl@intel.com,Female,248.240.226.193
491,Cort,Proffitt,cproffittdm@reverbnation.com,Male,15.56.129.22
492,Jeramey,Masterson,jmastersondn@rediff.com,Male,127.185.90.101
493,Gare,Tunder,gtunderdo@aboutads.info,Male,213.109.84.14
494,Christen,Pyvis,cpyvisdp@ca.gov,Female,198.109.26.107
495,Susana,Clissell,sclisselldq@delicious.com,Female,124.63.190.33
496,Anissa,Benardette,abenardettedr@soup.io,Female,92.194.90.34
497,Joni,Di Pietro,jdipietrods@spotify.com,Female,16.254.118.207
498,Garland,Hartzenberg,ghartzenbergdt@cloudflare.com,Female,175.136.8.6
499,Omero,Iacomettii,oiacomettiidu@mysql.com,Male,94.7.199.115
500,Tonnie,Ashby,tashbydv@columbia.edu,Male,230.108.184.103
501,Winonah,Pawellek,wpawellekdw@dot.gov,Female,119.157.19.92
502,Wes,Matej,wmatejdx@addthis.com,Male,164.146.49.90
503,Moira,Girod,mgiroddy@google.pl,Female,214.9.75.32
504,Nelli,Petrol,npetroldz@blogger.com,Female,68.40.99.30
505,Lacee,Ratnage,lratnagee0@nyu.edu,Female,140.41.196.90
506,Elly,De Domenicis,ededomenicise1@google.fr,Female,198.177.216.239
507,Lira,Habden,lhabdene2@cyberchimps.com,Female,128.84.185.211
508,Aguste,Gillease,agilleasee3@surveymonkey.com,Male,211.54.76.229
509,Micaela,De la Feld,mdelafelde4@biblegateway.com,Female,38.66.187.201
510,Ivor,Featley,ifeatleye5@shutterfly.com,Male,169.222.117.4
511,Zerk,Duligal,zduligale6@stumbleupon.com,Male,239.161.4.89
512,Bradney,Naughton,bnaughtone7@nps.gov,Male,167.161.243.69
513,Kristel,Plaster,kplastere8@aol.com,Female,9.10.79.236
514,Grover,Bonsale,gbonsalee9@arizona.edu,Male,47.87.166.62
515,Elenore,Copley,ecopleyea@addtoany.com,Female,120.96.112.65
516,Kristofer,Pinks,kpinkseb@webnode.com,Male,198.190.81.199
517,Jeanie,Rountree,jrountreeec@creativecommons.org,Female,137.249.0.168
518,Caryl,Shurmer,cshurmered@go.com,Female,250.201.196.53
519,Ashlee,Fannin,afanninee@dailymail.co.uk,Female,211.240.175.216
520,Grove,Beddard,gbeddardef@pbs.org,Male,244.97.164.146
521,Hilde,Osment,hosmenteg@studiopress.com,Female,232.185.52.155
522,Hilliary,Cauley,hcauleyeh@netlog.com,Female,14.88.221.200
523,Alphonso,Hallagan,ahallaganei@arstechnica.com,Male,47.174.28.62
524,Torey,Harpham,tharphamej@a8.net,Male,60.203.209.36
525,Marvin,Frediani,mfredianiek@mayoclinic.com,Male,147.191.119.45
526,Gertrude,Eseler,geselerel@hao123.com,Female,73.161.163.74
527,Cybil,Babonau,cbabonauem@boston.com,Female,173.93.178.129
528,Giuditta,Ceely,gceelyen@economist.com,Female,3.234.219.201
529,Traver,Dublin,tdublineo@sphinn.com,Male,127.107.131.54
530,Tod,Dibdale,tdibdaleep@cam.ac.uk,Male,64.224.81.45
531,Sharon,Ivankovic,sivankoviceq@goo.ne.jp,Female,219.85.240.139
532,Darb,McGlue,dmcglueer@ft.com,Female,120.51.114.146
533,Cy,Dymidowski,cdymidowskies@huffingtonpost.com,Male,187.111.41.222
534,Hewe,Dunphy,hdunphyet@phoca.cz,Male,252.221.104.111
535,Katina,Shee,ksheeeu@51.la,Female,234.4.206.68
536,Deva,Doumerc,ddoumercev@census.gov,Female,1.82.153.87
537,Avril,Pluck,apluckew@histats.com,Female,153.47.99.90
538,Cobb,Geraldez,cgeraldezex@woothemes.com,Male,210.84.157.231
539,Peggy,Villalta,pvillaltaey@xinhuanet.com,Female,15.7.123.68
540,Damon,Paolozzi,dpaolozziez@mail.ru,Male,19.125.170.192
541,Natalya,Duncan,nduncanf0@washington.edu,Female,2.23.193.211
542,Beret,Clarkson,bclarksonf1@stanford.edu,Female,149.81.152.124
543,Jamison,Beagin,jbeaginf2@senate.gov,Male,105.103.192.74
544,Devina,Sugarman,dsugarmanf3@chron.com,Female,21.193.165.47
545,Piper,Heningam,pheningamf4@jalbum.net,Female,230.181.117.200
546,Hermina,Woolis,hwoolisf5@yahoo.com,Female,70.75.148.14
547,Cart,Henrique,chenriquef6@telegraph.co.uk,Male,117.135.180.156
548,Eugene,Umney,eumneyf7@java.com,Male,240.217.166.126
549,Wiley,Marre,wmarref8@g.co,Male,181.244.66.197
550,Carson,Featherstonhaugh,cfeatherstonhaughf9@google.fr,Male,247.251.30.2
551,Ned,Polack,npolackfa@tumblr.com,Male,53.42.248.66
552,Gerik,Harker,gharkerfb@g.co,Male,28.95.68.241
553,Claudette,Johnsee,cjohnseefc@icq.com,Female,157.254.41.147
554,Marley,Dreamer,mdreamerfd@blogs.com,Female,114.2.239.135
555,Grete,Farrand,gfarrandfe@addtoany.com,Female,77.153.242.69
556,Clio,Lightollers,clightollersff@examiner.com,Female,85.39.86.34
557,Englebert,MacSkeagan,emacskeaganfg@weather.com,Male,152.2.41.110
558,Beatrix,Stockdale,bstockdalefh@va.gov,Female,19.244.59.209
559,Holt,Munning,hmunningfi@yolasite.com,Male,223.17.55.11
560,Winnie,Frisch,wfrischfj@stumbleupon.com,Female,24.57.120.251
561,Donna,MacCole,dmaccolefk@fc2.com,Female,201.5.185.97
562,Olenolin,Jaskiewicz,ojaskiewiczfl@linkedin.com,Male,231.159.51.132
563,Melodee,Nayshe,mnayshefm@trellian.com,Female,156.109.66.100
564,Shantee,Spottiswoode,sspottiswoodefn@ezinearticles.com,Female,120.222.236.88
565,Bearnard,Bezant,bbezantfo@eepurl.com,Male,97.253.118.48
566,Dody,Jennions,djennionsfp@list-manage.com,Female,122.14.186.197
567,Susy,Rentz,srentzfq@statcounter.com,Female,123.116.57.67
568,Terrel,Wadie,twadiefr@nasa.gov,Male,104.243.241.94
569,Daphna,Sturch,dsturchfs@gravatar.com,Female,64.151.136.62
570,Finn,Marcinkowski,fmarcinkowskift@de.vu,Male,106.182.230.254
571,Quincy,Vlasin,qvlasinfu@elegantthemes.com,Male,129.123.173.154
572,Christye,Teresi,cteresifv@accuweather.com,Female,165.107.182.55
573,Morey,Antognazzi,mantognazzifw@usgs.gov,Male,243.85.94.74
574,Melissa,Dressel,mdresselfx@wired.com,Female,220.131.95.50
575,Ethelred,Haylett,ehaylettfy@bing.com,Male,54.9.26.66
576,Ronalda,Vennart,rvennartfz@si.edu,Female,78.137.166.12
577,Carin,Worling,cworlingg0@cloudflare.com,Female,79.222.88.56
578,Nana,Doodson,ndoodsong1@google.co.jp,Female,130.196.150.84
579,Catherin,Hauck,chauckg2@devhub.com,Female,200.17.252.78
580,Meyer,Goldstone,mgoldstoneg3@netscape.com,Male,182.40.227.180
581,Lionello,Sawood,lsawoodg4@privacy.gov.au,Male,0.19.60.74
582,Rosco,Hagan,rhagang5@boston.com,Male,247.225.197.107
583,Leslie,Manna,lmannag6@ifeng.com,Male,178.206.155.94
584,Petr,Driuzzi,pdriuzzig7@alexa.com,Male,144.29.53.155
585,Brandy,Grigaut,bgrigautg8@opensource.org,Male,76.7.187.143
586,Goldi,Ikin,giking9@yelp.com,Female,57.64.135.237
587,Kristine,Colbron,kcolbronga@ustream.tv,Female,245.71.182.237
588,Annetta,Hush,ahushgb@foxnews.com,Female,69.130.211.70
589,Gale,Whimpenny,gwhimpennygc@seattletimes.com,Female,194.48.184.21
590,Colver,Mountfort,cmountfortgd@amazon.co.uk,Male,122.45.31.130
591,Aubine,Vanns,avannsge@de.vu,Female,203.30.17.119
592,Kalvin,Phoenix,kphoenixgf@dropbox.com,Male,201.226.121.224
593,Carolina,Gasgarth,cgasgarthgg@boston.com,Female,35.84.165.23
594,Ashia,Audritt,aaudrittgh@princeton.edu,Female,60.138.109.163
595,Zebulon,Baterip,zbateripgi@issuu.com,Male,47.30.227.157
596,Weston,Durno,wdurnogj@reuters.com,Male,101.226.252.225
597,Daniele,Edards,dedardsgk@dedecms.com,Female,78.76.47.100
598,Lezley,Morrison,lmorrisongl@about.com,Male,33.116.207.14
599,Dev,Swindle,dswindlegm@uol.com.br,Male,215.254.243.131
600,Mathilda,Jindrak,mjindrakgn@flickr.com,Female,195.75.135.147
601,Carla,Penley,cpenleygo@twitter.com,Female,5.174.25.184
602,Krispin,Stampe,kstampegp@t-online.de,Male,86.166.244.20
603,Jeana,Dugdale,jdugdalegq@weebly.com,Female,193.112.74.204
604,Darcy,Spirritt,dspirrittgr@vkontakte.ru,Male,109.37.245.78
605,Dani,Berdale,dberdalegs@squarespace.com,Female,91.153.147.169
606,Luisa,Poskitt,lposkittgt@time.com,Female,217.170.206.146
607,Raye,Densell,rdensellgu@people.com.cn,Female,83.7.152.221
608,Paloma,Haliburton,phaliburtongv@icq.com,Female,127.76.60.195
609,Levi,Carwithim,lcarwithimgw@twitter.com,Male,223.74.218.186
610,Bondon,Thaim,bthaimgx@prweb.com,Male,20.7.158.72
611,Berke,Connechie,bconnechiegy@paginegialle.it,Male,251.102.80.46
612,Myrtia,Abbate,mabbategz@va.gov,Female,206.0.77.112
613,Daniela,Snary,dsnaryh0@boston.com,Female,34.254.192.162
614,Rowe,MacConnal,rmacconnalh1@netlog.com,Female,133.204.189.209
615,Fernando,Maidment,fmaidmenth2@cyberchimps.com,Male,31.166.15.201
616,Siegfried,Treversh,strevershh3@reference.com,Male,105.171.101.51
617,Shadow,Cheston,schestonh4@printfriendly.com,Male,171.138.129.80
618,Eric,Shier,eshierh5@tumblr.com,Male,78.78.176.127
619,Mead,Oxenden,moxendenh6@myspace.com,Male,225.107.45.15
620,Rora,Smerdon,rsmerdonh7@de.vu,Female,88.63.255.74
621,Corey,Dutton,cduttonh8@linkedin.com,Male,76.83.176.32
622,Richart,Redmile,rredmileh9@mysql.com,Male,129.34.69.142
623,Christen,Matelyunas,cmatelyunasha@wp.com,Female,193.151.73.60
624,Merill,Giraudo,mgiraudohb@huffingtonpost.com,Male,242.107.165.218
625,Gianna,Inold,ginoldhc@twitpic.com,Female,128.167.73.33
626,Krissy,Longfoot,klongfoothd@dmoz.org,Female,81.240.184.27
627,Ericha,Nary,enaryhe@rakuten.co.jp,Female,42.114.187.216
628,Temp,Kells,tkellshf@usnews.com,Male,98.67.51.185
629,Elinore,Lewin,elewinhg@wix.com,Female,118.31.104.32
630,Jinny,Moulds,jmouldshh@t-online.de,Female,157.83.211.187
631,Anneliese,Schoenrock,aschoenrockhi@yale.edu,Female,207.67.114.38
632,Hebert,Reckless,hrecklesshj@gov.uk,Male,62.200.132.233
633,Alric,Serraillier,aserraillierhk@umich.edu,Male,237.115.68.121
634,Faun,McQuarrie,fmcquarriehl@nasa.gov,Female,90.5.20.184
635,Chevalier,Kovelmann,ckovelmannhm@comcast.net,Male,116.6.109.145
636,Olenolin,Feldmann,ofeldmannhn@census.gov,Male,86.247.190.197
637,Aleece,Attenborough,aattenboroughho@amazon.com,Female,214.169.101.3
638,Rickie,Stivers,rstivershp@pcworld.com,Female,228.24.132.115
639,Reinaldos,Cluckie,rcluckiehq@imgur.com,Male,249.127.241.204
640,Ulrick,Fice,uficehr@washingtonpost.com,Male,50.197.254.201
641,Alexandrina,Ivanshintsev,aivanshintsevhs@tmall.com,Female,24.238.61.14
642,Annabel,McCarry,amccarryht@yahoo.co.jp,Female,224.80.74.102
643,Merralee,Mashro,mmashrohu@drupal.org,Female,110.111.58.69
644,Milton,Kopke,mkopkehv@google.com,Male,2.1.207.23
645,Tally,Kirsche,tkirschehw@irs.gov,Female,1.139.126.43
646,Edy,Splaven,esplavenhx@amazon.co.jp,Female,209.140.41.116
647,Babbette,Snoxill,bsnoxillhy@stanford.edu,Female,22.159.111.209
648,Hy,Stede,hstedehz@ning.com,Male,159.221.41.71
649,Andie,Choldcroft,acholdcrofti0@simplemachines.org,Female,50.178.48.100
650,Lon,Thorius,lthoriusi1@barnesandnoble.com,Male,72.89.25.105
651,Randal,Ashpital,rashpitali2@ebay.co.uk,Male,95.109.232.53
652,Devin,Jopling,djoplingi3@delicious.com,Female,245.254.65.80
653,Della,Aldwick,daldwicki4@uol.com.br,Female,90.12.14.7
654,Brucie,Hedger,bhedgeri5@meetup.com,Male,177.62.226.202
655,Serena,Iori,siorii6@a8.net,Female,34.242.204.210
656,Denney,Tullett,dtulletti7@discuz.net,Male,226.62.127.144
657,Ganny,Olland,gollandi8@msu.edu,Male,41.119.143.244
658,Alyson,McGill,amcgilli9@github.io,Female,25.156.111.132
659,Bryon,Ivannikov,bivannikovia@nasa.gov,Male,190.4.18.249
660,Korry,Cleminson,kcleminsonib@w3.org,Female,217.63.235.61
661,Glenn,Wildin,gwildinic@squidoo.com,Female,76.174.130.190
662,Emelita,Hagan,ehaganid@constantcontact.com,Female,128.153.50.15
663,Kacey,Seyfart,kseyfartie@wix.com,Female,211.13.68.10
664,Karoly,Raynes,kraynesif@xing.com,Male,118.103.72.135
665,Ram,Cutress,rcutressig@wunderground.com,Male,15.132.67.111
666,Corri,Eble,cebleih@facebook.com,Female,102.191.204.112
667,Dniren,Halson,dhalsonii@google.co.jp,Female,253.253.177.41
668,Dara,Cline,dclineij@yellowbook.com,Female,185.79.246.192
669,Adelheid,Risby,arisbyik@odnoklassniki.ru,Female,55.33.208.117
670,Aldis,Taffs,ataffsil@smugmug.com,Male,33.100.164.111
671,Arnie,Gallo,agalloim@github.com,Male,96.155.179.3
672,Fionnula,Skillett,fskillettin@delicious.com,Female,124.176.179.106
673,Jarib,Feasby,jfeasbyio@tinyurl.com,Male,120.138.239.61
674,Quintus,Gabbotts,qgabbottsip@prnewswire.com,Male,230.233.114.45
675,Leoline,Cristoferi,lcristoferiiq@sun.com,Female,44.236.89.136
676,Darcey,Lyal,dlyalir@umich.edu,Female,173.241.97.250
677,Raviv,Ebi,rebiis@flavors.me,Male,230.216.1.112
678,Costanza,Attrie,cattrieit@nytimes.com,Female,238.178.54.90
679,Barnett,Kenryd,bkenrydiu@fotki.com,Male,86.133.199.211
680,Sterne,Posselt,sposseltiv@mac.com,Male,140.86.137.158
681,Susanne,Doman,sdomaniw@tumblr.com,Female,89.23.84.191
682,Gus,Heinrici,gheinriciix@nature.com,Female,67.150.194.12
683,Magdalena,Berge,mbergeiy@google.de,Female,140.183.164.29
684,Jaquenette,Kamienski,jkamienskiiz@godaddy.com,Female,118.101.181.216
685,Jozef,Dressel,jdresselj0@goo.ne.jp,Male,90.56.255.31
686,Lavena,Levington,llevingtonj1@i2i.jp,Female,18.86.211.194
687,Bili,Christopherson,bchristophersonj2@hubpages.com,Female,157.142.250.37
688,Ugo,Aimson,uaimsonj3@time.com,Male,126.83.198.106
689,Kimberlee,Edens,kedensj4@ibm.com,Female,35.227.133.30
690,Eadith,Baker,ebakerj5@umn.edu,Female,83.94.103.56
691,Shea,Tefft,stefftj6@dropbox.com,Male,9.167.99.151
692,Urson,Piens,upiensj7@nasa.gov,Male,167.156.177.148
693,Clio,Blades,cbladesj8@mit.edu,Female,89.202.164.30
694,Lishe,Hammersley,lhammersleyj9@zdnet.com,Female,152.35.192.217
695,Casey,Charlet,ccharletja@webmd.com,Male,236.143.123.231
696,Englebert,Deely,edeelyjb@cbsnews.com,Male,162.205.254.33
697,Joella,Wantling,jwantlingjc@vistaprint.com,Female,30.80.194.197
698,Garrett,Bainbrigge,gbainbriggejd@yelp.com,Male,180.54.118.123
699,Nevins,Persent,npersentje@howstuffworks.com,Male,66.224.250.82
700,Riannon,Elleray,rellerayjf@cnbc.com,Female,68.80.183.219
701,Victor,Castaneda,vcastanedajg@xrea.com,Male,162.239.61.177
702,Jasen,Berkely,jberkelyjh@usatoday.com,Male,158.245.141.178
703,Tadeas,Burle,tburleji@soup.io,Male,250.31.240.103
704,Lorne,Badini,lbadinijj@rediff.com,Male,241.186.161.24
705,Caleb,Phebee,cphebeejk@google.com.hk,Male,231.1.6.120
706,Zebulon,Varney,zvarneyjl@icq.com,Male,47.143.110.75
707,Bryce,Surgey,bsurgeyjm@nasa.gov,Male,19.104.205.183
708,Daune,Wake,dwakejn@jigsy.com,Female,223.194.109.6
709,Glendon,Casserley,gcasserleyjo@marriott.com,Male,208.180.195.159
710,Amaleta,Moverley,amoverleyjp@chron.com,Female,157.17.1.14
711,Bud,Hargie,bhargiejq@acquirethisname.com,Male,182.132.69.95
712,Salomon,Gavrielli,sgavriellijr@chronoengine.com,Male,1.237.144.147
713,Hersch,Seeviour,hseeviourjs@tripod.com,Male,171.1.51.203
714,Shirleen,Grigorushkin,sgrigorushkinjt@shop-pro.jp,Female,158.42.202.127
715,Marylinda,Hof,mhofju@lycos.com,Female,48.149.62.138
716,Merci,Kennelly,mkennellyjv@ameblo.jp,Female,31.42.248.39
717,Joli,Kerslake,jkerslakejw@printfriendly.com,Female,123.59.53.41
718,Rudolph,McMylor,rmcmylorjx@twitter.com,Male,69.170.27.144
719,Geoffrey,Andries,gandriesjy@scribd.com,Male,2.186.93.172
720,Pollyanna,Sabey,psabeyjz@admin.ch,Female,126.199.183.126
721,Dallon,Lamberteschi,dlamberteschik0@upenn.edu,Male,166.53.206.156
722,Tanya,Devanney,tdevanneyk1@youtu.be,Female,117.113.117.78
723,Gideon,Somersett,gsomersettk2@un.org,Male,101.135.223.11
724,Bailey,Driutti,bdriuttik3@technorati.com,Male,220.0.4.213
725,Barn,Craigmyle,bcraigmylek4@networkadvertising.org,Male,138.97.59.0
726,Joni,Rolley,jrolleyk5@timesonline.co.uk,Female,70.6.199.81
727,Miriam,Jertz,mjertzk6@zdnet.com,Female,91.133.0.76
728,Thekla,Ghiraldi,tghiraldik7@businessinsider.com,Female,244.48.11.193
729,Pamella,McIlmurray,pmcilmurrayk8@techcrunch.com,Female,44.211.45.220
730,Hersh,Beardon,hbeardonk9@zimbio.com,Male,229.124.206.87
731,Courtnay,Yeude,cyeudeka@prnewswire.com,Female,234.221.157.108
732,Loria,Monsey,lmonseykb@woothemes.com,Female,110.235.121.53
733,Devin,Vowden,dvowdenkc@g.co,Male,124.120.143.50
734,Gerhardine,Uc,guckd@mtv.com,Female,45.56.36.207
735,Athene,Muggach,amuggachke@kickstarter.com,Female,49.56.92.229
736,Darcee,Poynzer,dpoynzerkf@cdbaby.com,Female,216.75.169.220
737,Dwayne,Chatten,dchattenkg@imdb.com,Male,179.241.111.78
738,Cesar,Matherson,cmathersonkh@dropbox.com,Male,212.138.205.74
739,Linc,Stride,lstrideki@europa.eu,Male,225.176.158.245
740,Nigel,Mattersley,nmattersleykj@google.com.br,Male,33.239.86.234
741,Godfry,Scogings,gscogingskk@forbes.com,Male,127.159.20.193
742,Birk,De Santos,bdesantoskl@ox.ac.uk,Male,27.32.63.79
743,Devondra,Smitheman,dsmithemankm@si.edu,Female,231.11.173.206
744,Joaquin,Tomasz,jtomaszkn@google.com,Male,255.36.25.35
745,Carmelina,Schooley,cschooleyko@storify.com,Female,82.198.62.219
746,Donnie,Tiffany,dtiffanykp@a8.net,Male,1.118.134.211
747,Rainer,Lawrie,rlawriekq@discovery.com,Male,126.217.100.29
748,Aimee,Trenholm,atrenholmkr@arizona.edu,Female,20.170.116.60
749,Rip,Sowersby,rsowersbyks@phpbb.com,Male,181.202.169.220
750,Riordan,Levey,rleveykt@nhs.uk,Male,100.224.162.99
751,Giustina,Gooddie,ggooddieku@canalblog.com,Female,186.163.191.122
752,Gery,Wark,gwarkkv@nba.com,Male,28.50.121.95
753,Nefen,Rosenbusch,nrosenbuschkw@amazon.com,Male,14.214.150.145
754,Carlita,Bearfoot,cbearfootkx@mac.com,Female,154.135.152.54
755,Thelma,Baraclough,tbaracloughky@multiply.com,Female,17.180.9.8
756,Sergio,Boucher,sboucherkz@unc.edu,Male,206.181.231.105
757,Tobe,Dockrell,tdockrelll0@tuttocitta.it,Female,42.136.200.194
758,Darius,Sloy,dsloyl1@mashable.com,Male,108.182.114.167
759,Bastian,Shitliffe,bshitliffel2@wufoo.com,Male,165.235.242.185
760,Gracia,Rosekilly,grosekillyl3@zimbio.com,Female,106.134.196.75
761,Yevette,Lavrick,ylavrickl4@slate.com,Female,230.130.34.161
762,Karlis,Angless,kanglessl5@zdnet.com,Male,187.187.160.175
763,Kalil,Franzen,kfranzenl6@cnn.com,Male,18.120.105.72
764,Bennie,Seear,bseearl7@illinois.edu,Male,246.90.102.154
765,Barton,Flather,bflatherl8@walmart.com,Male,136.164.35.96
766,Thom,Boards,tboardsl9@gnu.org,Male,1.14.140.76
767,Whitaker,Carah,wcarahla@networksolutions.com,Male,185.17.35.241
768,Bertie,Chipping,bchippinglb@sohu.com,Male,89.18.34.155
769,Judy,Link,jlinklc@github.com,Female,87.57.75.65
770,Kori,Beelby,kbeelbyld@pinterest.com,Female,193.148.129.113
771,Falkner,O'Sheilds,fosheildsle@livejournal.com,Male,69.60.174.164
772,Micheal,Quin,mquinlf@fastcompany.com,Male,110.45.136.161
773,Morgan,Simonel,msimonellg@soundcloud.com,Female,3.19.109.253
774,Meredith,Beadnell,mbeadnelllh@ow.ly,Male,195.91.196.187
775,Maritsa,Fewtrell,mfewtrellli@com.com,Female,144.112.192.78
776,Juieta,Schout,jschoutlj@bizjournals.com,Female,206.180.93.215
777,Hershel,Langshaw,hlangshawlk@mayoclinic.com,Male,253.96.65.49
778,Isidora,Langworthy,ilangworthyll@cafepress.com,Female,19.61.181.7
779,Filmer,Ellingsworth,fellingsworthlm@chron.com,Male,201.47.101.123
780,Matty,Cejka,mcejkaln@unesco.org,Female,41.45.42.19
781,Faustina,Bullers,fbullerslo@goo.ne.jp,Female,221.68.240.166
782,Atlanta,Marchington,amarchingtonlp@vkontakte.ru,Female,172.114.235.160
783,Christel,Scargill,cscargilllq@xing.com,Female,111.137.117.133
784,Holly,Waudby,hwaudbylr@t-online.de,Male,237.10.25.77
785,Ulises,Walliker,uwallikerls@trellian.com,Male,216.186.149.206
786,Ernie,Wingeatt,ewingeattlt@telegraph.co.uk,Male,160.77.24.40
787,Stefan,Goodbarne,sgoodbarnelu@hostgator.com,Male,254.146.245.161
788,Gabbi,O'Murtagh,gomurtaghlv@auda.org.au,Female,253.11.121.126
789,Megen,Minard,mminardlw@jugem.jp,Female,112.117.145.233
790,Hurlee,Perham,hperhamlx@senate.gov,Male,186.193.88.254
791,Jermain,Corderoy,jcorderoyly@economist.com,Male,218.220.143.76
792,Coreen,Gaisford,cgaisfordlz@cmu.edu,Female,27.192.129.219
793,Marc,Larenson,mlarensonm0@stanford.edu,Male,62.243.218.45
794,Tine,Schenkel,tschenkelm1@japanpost.jp,Female,69.137.148.191
795,Dale,Berns,dbernsm2@cargocollective.com,Male,75.127.75.182
796,Cordelia,MacKill,cmackillm3@domainmarket.com,Female,64.239.81.2
797,Dorri,Powling,dpowlingm4@indiegogo.com,Female,239.91.81.25
798,Silvano,Langsdon,slangsdonm5@dedecms.com,Male,22.113.198.32
799,Mommy,Adacot,madacotm6@loc.gov,Female,28.157.38.65
800,Staford,Mc Faul,smcfaulm7@blog.com,Male,103.11.196.41
801,Kelby,Capon,kcaponm8@jugem.jp,Male,41.104.254.173
802,Nil,Reen,nreenm9@barnesandnoble.com,Male,69.241.182.166
803,Gilli,Loosely,glooselyma@reddit.com,Female,181.92.221.144
804,Brandie,Tardiff,btardiffmb@shinystat.com,Female,252.132.249.165
805,Arden,Glassman,aglassmanmc@cnn.com,Female,76.12.211.138
806,Karie,Don,kdonmd@webeden.co.uk,Female,169.98.66.56
807,Ginny,Benzie,gbenzieme@e-recht24.de,Female,142.54.9.88
808,David,Smith,dsmithmf@wunderground.com,Male,174.37.153.35
809,Barnaby,Baumann,bbaumannmg@businessinsider.com,Male,137.118.93.119
810,Benjie,Spurryer,bspurryermh@slideshare.net,Male,212.71.149.72
811,Emmery,Guyet,eguyetmi@123-reg.co.uk,Male,155.36.170.10
812,Shelton,Dufall,sdufallmj@nydailynews.com,Male,53.60.250.247
813,Conni,Baverstock,cbaverstockmk@prweb.com,Female,234.96.203.65
814,Keefe,Romain,kromainml@quantcast.com,Male,113.189.244.113
815,Dominga,Darke,ddarkemm@phpbb.com,Female,3.218.252.221
816,Pennie,Dendon,pdendonmn@elpais.com,Female,27.60.185.252
817,Dalia,Belin,dbelinmo@paginegialle.it,Female,97.144.27.229
818,Christin,Iskov,ciskovmp@howstuffworks.com,Female,6.182.38.200
819,Taryn,Sima,tsimamq@virginia.edu,Female,12.50.185.98
820,Rebecca,Perree,rperreemr@webeden.co.uk,Female,103.161.187.159
821,Webb,Arling,warlingms@npr.org,Male,135.52.177.132
822,Gaylor,Natt,gnattmt@google.com.hk,Male,0.189.211.48
823,Umeko,Dyer,udyermu@buzzfeed.com,Female,104.228.147.65
824,Joelie,Jarrad,jjarradmv@ebay.com,Female,187.46.157.233
825,Rowen,Coalbran,rcoalbranmw@vinaora.com,Male,95.30.219.185
826,Bonnee,Latta,blattamx@gmpg.org,Female,219.255.249.103
827,Bree,McDonell,bmcdonellmy@xing.com,Female,187.10.174.223
828,Jocelyn,Olrenshaw,jolrenshawmz@wordpress.com,Female,180.26.213.125
829,Bettine,Stanion,bstanionn0@wunderground.com,Female,2.198.19.61
830,Pam,Lapworth,plapworthn1@ameblo.jp,Female,197.99.36.73
831,Christabel,Coan,ccoann2@cornell.edu,Female,67.100.155.4
832,Brandais,Giovannelli,bgiovannellin3@surveymonkey.com,Female,11.47.157.251
833,Kimbell,Connick,kconnickn4@yahoo.com,Male,249.66.159.68
834,Glenn,Conerding,gconerdingn5@indiegogo.com,Female,95.182.14.120
835,Arturo,Bauman,abaumann6@goo.gl,Male,109.192.146.157
836,Broderick,Goodright,bgoodrightn7@home.pl,Male,233.131.132.50
837,Mendel,Steuhlmeyer,msteuhlmeyern8@nih.gov,Male,233.150.49.104
838,Arnoldo,Aslin,aaslinn9@friendfeed.com,Male,71.40.82.200
839,Vassili,Knottley,vknottleyna@deliciousdays.com,Male,229.126.154.47
840,Nevile,Formilli,nformillinb@yahoo.com,Male,74.50.197.65
841,Elmo,France,efrancenc@sogou.com,Male,65.220.250.60
842,Marten,Dominique,mdominiquend@sakura.ne.jp,Male,10.131.61.222
843,Sybille,Eicheler,seichelerne@slashdot.org,Female,55.26.213.1
844,Moselle,Edmonds,medmondsnf@chicagotribune.com,Female,189.241.197.98
845,Torrance,Foster,tfosterng@reddit.com,Male,249.178.19.40
846,Tessie,Healings,thealingsnh@cyberchimps.com,Female,166.123.62.196
847,Livvy,Seckom,lseckomni@ocn.ne.jp,Female,25.57.106.194
848,Monro,Crowson,mcrowsonnj@liveinternet.ru,Male,118.224.140.31
849,Jena,Marcoolyn,jmarcoolynnk@cloudflare.com,Female,226.236.4.63
850,Bethanne,Merrgen,bmerrgennl@webs.com,Female,97.130.162.95
851,Elmer,Charity,echaritynm@engadget.com,Male,155.191.217.245
852,Salomon,Duhig,sduhignn@aboutads.info,Male,244.45.184.189
853,Nerta,Mosconi,nmosconino@cpanel.net,Female,79.228.128.192
854,Velvet,Barnicott,vbarnicottnp@hubpages.com,Female,255.214.233.237
855,Salomo,Pennells,spennellsnq@mediafire.com,Male,25.146.215.243
856,Yulma,Assandri,yassandrinr@cam.ac.uk,Male,225.132.227.85
857,Sherilyn,Harget,shargetns@mapquest.com,Female,160.191.51.3
858,Timmie,Dealy,tdealynt@vk.com,Female,68.109.89.105
859,Phedra,Rosenstiel,prosenstielnu@virginia.edu,Female,102.175.251.47
860,Phillipp,Cleeves,pcleevesnv@weibo.com,Male,168.188.165.246
861,Lauren,Aukland,lauklandnw@indiatimes.com,Female,239.95.20.176
862,Sunny,Seer,sseernx@sohu.com,Female,36.14.200.90
863,Georas,Ehrat,gehratny@google.de,Male,146.4.149.175
864,Dani,Wickson,dwicksonnz@ucoz.ru,Male,65.109.216.182
865,Zeb,Mawditt,zmawditto0@huffingtonpost.com,Male,195.238.44.104
866,Krispin,Dominichelli,kdominichellio1@tripadvisor.com,Male,91.76.2.157
867,Liane,Schrader,lschradero2@rambler.ru,Female,13.199.242.230
868,Sascha,Crellin,screllino3@weather.com,Female,248.252.33.253
869,Shepherd,Fowlston,sfowlstono4@ucoz.ru,Male,179.133.71.28
870,Tabor,Splevin,tsplevino5@123-reg.co.uk,Male,123.146.173.209
871,Patrizius,Richardsson,prichardssono6@mapquest.com,Male,136.192.113.54
872,Karlotta,Mashro,kmashroo7@networksolutions.com,Female,85.3.7.47
873,Whitney,Kores,wkoreso8@booking.com,Male,160.3.232.108
874,Lainey,Rizziello,lrizzielloo9@house.gov,Female,158.83.73.17
875,Jordon,Duignan,jduignanoa@topsy.com,Male,52.141.210.156
876,Romona,Hazelden,rhazeldenob@tmall.com,Female,43.233.217.106
877,Hervey,Feckey,hfeckeyoc@google.com.br,Male,77.180.150.211
878,Ferdinanda,Adlington,fadlingtonod@sun.com,Female,199.127.202.74
879,Osborne,Cherry Holme,ocherryholmeoe@mashable.com,Male,242.20.214.134
880,Konrad,Giorgione,kgiorgioneof@epa.gov,Male,110.215.33.81
881,Charity,Kaesmans,ckaesmansog@sbwire.com,Female,199.64.241.73
882,Netti,Leipoldt,nleipoldtoh@xrea.com,Female,51.100.5.91
883,Reggis,Olohan,rolohanoi@washingtonpost.com,Male,159.253.153.148
884,Karel,MacDermid,kmacdermidoj@4shared.com,Female,138.29.32.156
885,Fan,Danniell,fdanniellok@lycos.com,Female,62.186.59.247
886,Tiena,McKennan,tmckennanol@scientificamerican.com,Female,28.7.201.81
887,Charin,Vigietti,cvigiettiom@java.com,Female,37.106.162.87
888,Cozmo,Mulqueeny,cmulqueenyon@mozilla.com,Male,252.184.117.143
889,Reeba,MacDuffie,rmacduffieoo@clickbank.net,Female,106.173.139.57
890,Meier,Nial,mnialop@e-recht24.de,Male,56.211.121.252
891,Martie,Kelmere,mkelmereoq@kickstarter.com,Female,8.240.38.193
892,Redd,Scoggin,rscogginor@google.pl,Male,184.18.7.244
893,Rebeka,Behne,rbehneos@si.edu,Female,74.212.58.107
894,Kippy,Fabbri,kfabbriot@friendfeed.com,Male,138.172.218.202
895,Thedrick,Ackland,tacklandou@archive.org,Male,68.230.221.38
896,Tessa,McIlvenny,tmcilvennyov@angelfire.com,Female,144.178.136.124
897,Lucais,Wesley,lwesleyow@jugem.jp,Male,132.27.38.117
898,Jimmy,Marke,jmarkeox@fastcompany.com,Male,212.129.172.238
899,Vernor,Gruszczak,vgruszczakoy@dmoz.org,Male,230.32.191.118
900,Anatollo,Chooter,achooteroz@wired.com,Male,172.78.67.29
901,Pavel,Bower,pbowerp0@w3.org,Male,88.28.22.51
902,Oby,Chittey,ochitteyp1@123-reg.co.uk,Male,53.60.75.80
903,Grannie,Cranstoun,gcranstounp2@ask.com,Male,61.123.173.187
904,Hilly,Buffy,hbuffyp3@sogou.com,Male,112.54.249.142
905,Jerome,Plunkett,jplunkettp4@aol.com,Male,240.214.184.163
906,Abby,Ransfield,aransfieldp5@macromedia.com,Male,223.153.16.91
907,Silvia,Ebsworth,sebsworthp6@google.com.br,Female,53.244.199.147
908,Kellsie,Gravey,kgraveyp7@feedburner.com,Female,200.157.31.255
909,Staford,O'Farrell,sofarrellp8@prnewswire.com,Male,88.242.115.217
910,Sid,Penhearow,spenhearowp9@geocities.com,Male,100.36.160.29
911,Hymie,Fitzsimmons,hfitzsimmonspa@opensource.org,Male,89.4.122.39
912,Antonella,Cassie,acassiepb@sina.com.cn,Female,97.32.16.98
913,Worthington,Screwton,wscrewtonpc@japanpost.jp,Male,8.225.162.96
914,Lonny,Talkington,ltalkingtonpd@weather.com,Male,175.6.178.79
915,Burnaby,Torrie,btorriepe@deliciousdays.com,Male,173.129.247.130
916,Quintus,Duchan,qduchanpf@rediff.com,Male,126.165.88.53
917,Sorcha,Jouannot,sjouannotpg@army.mil,Female,216.224.148.123
918,Dalli,Rowly,drowlyph@cmu.edu,Male,190.84.171.161
919,Belinda,Mebius,bmebiuspi@sitemeter.com,Female,253.121.42.112
920,Jory,Keays,jkeayspj@sciencedirect.com,Male,93.29.30.91
921,Ami,Pallatina,apallatinapk@imgur.com,Female,149.70.200.121
922,Weylin,Pleven,wplevenpl@dailymail.co.uk,Male,31.170.193.226
923,Rudiger,Syers,rsyerspm@mediafire.com,Male,17.6.84.173
924,Susana,Stille,sstillepn@yolasite.com,Female,100.20.33.82
925,Aggy,Ineson,ainesonpo@gravatar.com,Female,116.190.115.124
926,Morgan,Punshon,mpunshonpp@bbb.org,Female,234.9.92.107
927,Baily,Timmermann,btimmermannpq@wisc.edu,Male,18.246.132.82
928,Liuka,Hobgen,lhobgenpr@prweb.com,Female,91.82.17.212
929,Arnie,Snashall,asnashallps@hc360.com,Male,71.202.122.38
930,Augusto,Hastings,ahastingspt@a8.net,Male,115.73.117.60
931,Murdoch,Munns,mmunnspu@goodreads.com,Male,84.72.189.146
932,Celle,Kilmurry,ckilmurrypv@abc.net.au,Female,233.15.167.10
933,Ethelda,Kippling,ekipplingpw@ycombinator.com,Female,248.140.19.98
934,Lefty,Medling,lmedlingpx@tinyurl.com,Male,80.55.2.158
935,Zachary,Mabb,zmabbpy@rediff.com,Male,249.129.142.78
936,Enrichetta,Yeulet,eyeuletpz@tuttocitta.it,Female,127.203.23.1
937,Mersey,Bigg,mbiggq0@wordpress.org,Female,155.172.141.132
938,Haslett,Lammert,hlammertq1@patch.com,Male,183.28.250.86
939,Florian,Broomer,fbroomerq2@miitbeian.gov.cn,Male,82.37.5.154
940,Augusto,Tomsen,atomsenq3@mail.ru,Male,237.190.229.66
941,Jerrome,Hallgath,jhallgathq4@trellian.com,Male,133.50.98.80
942,Berti,Garland,bgarlandq5@ezinearticles.com,Female,254.11.182.229
943,Ruthie,Walicki,rwalickiq6@angelfire.com,Female,66.63.157.56
944,Worthington,Karchewski,wkarchewskiq7@cdc.gov,Male,102.135.219.148
945,Ilysa,Tresise,itresiseq8@cnbc.com,Female,102.203.33.88
946,Inglebert,Jouhning,ijouhningq9@sbwire.com,Male,251.216.79.187
947,Chrotoem,Ferrino,cferrinoqa@prweb.com,Male,130.112.141.162
948,Christen,Maytom,cmaytomqb@about.me,Female,244.139.118.190
949,Margit,Cockshutt,mcockshuttqc@comcast.net,Female,253.87.190.68
950,Zita,Towne,ztowneqd@nps.gov,Female,77.104.123.175
951,Mason,Cathesyed,mcathesyedqe@squarespace.com,Male,164.193.189.136
952,Gregor,Windybank,gwindybankqf@icq.com,Male,71.185.117.129
953,Artemis,Duffin,aduffinqg@nba.com,Male,54.174.176.6
954,Timothea,Faccini,tfacciniqh@jugem.jp,Female,148.7.79.216
955,Kingston,Oliphard,koliphardqi@reference.com,Male,113.233.150.206
956,Sergent,Moye,smoyeqj@youtu.be,Male,229.209.250.158
957,Benedikt,Westpfel,bwestpfelqk@google.pl,Male,191.152.251.6
958,Carlyle,Henningham,chenninghamql@opensource.org,Male,101.232.36.36
959,Teri,Goodlatt,tgoodlattqm@merriam-webster.com,Female,223.113.53.104
960,Jory,Plank,jplankqn@wufoo.com,Male,219.130.110.43
961,Tani,Alvar,talvarqo@webeden.co.uk,Female,151.5.161.236
962,Hakim,Mower,hmowerqp@yellowpages.com,Male,88.112.58.31
963,Titos,Macallam,tmacallamqq@mac.com,Male,254.18.165.142
964,Coleman,Carnoghan,ccarnoghanqr@webmd.com,Male,212.99.118.119
965,Ula,Sonley,usonleyqs@home.pl,Female,127.117.104.198
966,Maurie,Bulmer,mbulmerqt@jugem.jp,Male,48.163.83.136
967,Andrus,Brydon,abrydonqu@weibo.com,Male,247.213.113.121
968,Bartolemo,Spolton,bspoltonqv@webnode.com,Male,187.255.109.136
969,Milly,Benedettini,mbenedettiniqw@t.co,Female,53.118.54.219
970,Paddie,Claus,pclausqx@newyorker.com,Male,206.17.188.195
971,Erroll,Moughtin,emoughtinqy@reuters.com,Male,157.2.20.160
972,Shandee,Malitrott,smalitrottqz@dyndns.org,Female,129.136.238.248
973,Hillie,Cockaday,hcockadayr0@smh.com.au,Male,55.141.79.161
974,Cyndia,Argue,carguer1@ucoz.ru,Female,131.0.129.13
975,Owen,Canto,ocantor2@twitter.com,Male,49.227.97.59
976,Abbot,Ickovici,aickovicir3@cdc.gov,Male,131.53.15.71
977,Phaedra,Atthow,patthowr4@ted.com,Female,219.60.110.199
978,Ethyl,Longwood,elongwoodr5@seattletimes.com,Female,193.143.13.242
979,Darby,Renouf,drenoufr6@wikimedia.org,Female,104.45.9.213
980,Whitman,Planke,wplanker7@zimbio.com,Male,140.50.206.224
981,Emelita,Bremeyer,ebremeyerr8@amazon.co.jp,Female,138.10.205.198
982,Pollyanna,Palphreyman,ppalphreymanr9@ehow.com,Female,176.10.130.120
983,Perceval,Huckfield,phuckfieldra@narod.ru,Male,90.153.38.91
984,Claudine,Dunsford,cdunsfordrb@is.gd,Female,251.72.153.89
985,Melitta,Delouch,mdelouchrc@hc360.com,Female,37.157.176.7
986,Sergeant,Swigg,sswiggrd@exblog.jp,Male,82.33.227.17
987,Francesco,de Merida,fdemeridare@omniture.com,Male,228.112.89.160
988,Chaim,Cudbird,ccudbirdrf@scribd.com,Male,191.112.86.122
989,Hanson,Falloon,hfalloonrg@theguardian.com,Male,28.226.0.62
990,Noak,Vamplew,nvamplewrh@netlog.com,Male,120.47.28.241
991,Miltie,Izhakov,mizhakovri@artisteer.com,Male,81.131.239.46
992,Rudiger,Zielinski,rzielinskirj@sfgate.com,Male,191.130.29.138
993,Munmro,Baiss,mbaissrk@dot.gov,Male,15.160.113.115
994,Chiquita,Jarman,cjarmanrl@hud.gov,Female,174.165.4.1
995,Bram,Drinkall,bdrinkallrm@amazon.co.jp,Male,74.32.214.3
996,Lina,Balhatchet,lbalhatchetrn@hibu.com,Female,147.189.15.178
997,Wallis,Coulthart,wcoulthartro@usda.gov,Female,86.189.75.113
998,Merrill,ducarme,mducarmerp@vinaora.com,Male,62.187.39.73
999,Duff,Zamudio,dzamudiorq@discuz.net,Male,165.43.173.24
1000,Davidson,Manns,dmannsrr@tumblr.com,Male,64.185.19.240
